{
  "amplitudes": [
    0.5, 1.0, 2.0, 1.0, 2.0, 1.0, 0.0, 2.0, 0.0, 0.25, 0.125, 0.0625, 0.03125,
    0.015625, 0.0078125, 0.00390625
  ],
  "firstOctave": -8
}
