{
  "amplitudes": [
    1.0, 1.0, 1.0, 1.0, 0.0, 0.0, 0.0, 0.0, 0.013333333333333334, 0.125, 0.0625,
    0.03125, 0.015625, 0.0078125, 0.00390625, 0.001953125
  ],
  "firstOctave": -8
}
