{
  "amplitudes": [
    1.0,
    1.0,
    0.0,
    0.0,
    0.0,
    0.0,
    0.125,
    0.0625,
    0.03125,
    0.015625,
    0.0078125,
    0.00390625,
    0.001953125,
    0.0009765625,
    0.00048828125,
    0.000244140625
  ],
  "firstOctave": -8
}
